"ID","age","workclass","fnlwgt","education","education_cat","marital_status","occupation","relationship","race","gender","capital_gain","capital_loss","hour_per_week","native_country","class"
"9364",38," Private",197077," HS-grad",9," Married-civ-spouse"," Other-service"," Husband"," White"," Male",0,0,40," United-States"," <=50K"
"25668",31," Private",101761," HS-grad",9," Married-civ-spouse"," Craft-repair"," Husband"," White"," Male",0,0,51," United-States"," <=50K"
"13316",26," Private",152855," HS-grad",9," Never-married"," Exec-managerial"," Own-child"," Other"," Female",0,0,40," Mexico"," <=50K"
"28750",50," Self-emp-not-inc",99894," 5th-6th",3," Never-married"," Tech-support"," Not-in-family"," Asian-Pac-Islander"," Female",0,0,15," United-States"," <=50K"
"30619",35," Private",412379," HS-grad",9," Never-married"," Other-service"," Not-in-family"," White"," Female",0,0,40," United-States"," <=50K"
"1484",26," Private",256263," HS-grad",9," Never-married"," Craft-repair"," Not-in-family"," White"," Male",0,0,25," United-States"," <=50K"
"17193",18," Private",95917," HS-grad",9," Never-married"," Other-service"," Own-child"," White"," Male",0,0,25," Canada"," <=50K"
"29052",20," Private",122971," Some-college",10," Never-married"," Sales"," Own-child"," White"," Male",0,0,35," United-States"," <=50K"
"17951",57," Self-emp-inc",368797," HS-grad",9," Married-civ-spouse"," Exec-managerial"," Husband"," White"," Male",0,0,40," United-States"," <=50K"
"14864",38," Private",194538," Assoc-voc",11," Married-civ-spouse"," Machine-op-inspct"," Husband"," White"," Male",0,0,48," United-States"," >50K"
"31146",28," Private",194200," HS-grad",9," Married-civ-spouse"," Exec-managerial"," Husband"," White"," Male",0,0,70," United-States"," <=50K"
"14757",82," Private",132870," HS-grad",9," Widowed"," Exec-managerial"," Not-in-family"," White"," Female",0,4356,18," United-States"," <=50K"
"22055",22," Private",333158," HS-grad",9," Never-married"," Machine-op-inspct"," Not-in-family"," White"," Female",0,0,48," United-States"," <=50K"
"18639",36," Private",469056," HS-grad",9," Divorced"," Sales"," Unmarried"," Black"," Female",0,0,25," United-States"," <=50K"
"3350",36," Private",166988," Bachelors",13," Married-civ-spouse"," Prof-specialty"," Wife"," White"," Female",0,0,40," United-States"," >50K"
"29286",66," Private",113323," Bachelors",13," Married-civ-spouse"," Prof-specialty"," Husband"," White"," Male",20051,0,40," United-States"," >50K"
"8009",20," Private",138107," HS-grad",9," Never-married"," Handlers-cleaners"," Own-child"," Black"," Male",0,0,35," United-States"," <=50K"
"1369",52," Private",152234," HS-grad",9," Married-civ-spouse"," Exec-managerial"," Husband"," Asian-Pac-Islander"," Male",99999,0,40," Japan"," >50K"
"10672",17," Private",33138," 12th",8," Never-married"," Sales"," Own-child"," White"," Male",0,0,40," United-States"," <=50K"
"31062",22," ?",243190," Some-college",10," Never-married"," ?"," Own-child"," Asian-Pac-Islander"," Male",0,0,40," China"," <=50K"
"28947",56," Private",282023," Masters",14," Married-civ-spouse"," Prof-specialty"," Husband"," White"," Male",0,0,40," United-States"," >50K"
"22544",28," Local-gov",168524," Masters",14," Married-civ-spouse"," Prof-specialty"," Wife"," White"," Female",7688,0,35," United-States"," >50K"
"20842",51," Private",29887," HS-grad",9," Divorced"," Exec-managerial"," Not-in-family"," White"," Male",0,0,44," United-States"," <=50K"
"32352",60," Private",36077," 7th-8th",4," Married-spouse-absent"," Machine-op-inspct"," Not-in-family"," White"," Male",0,0,40," United-States"," <=50K"
"21335",27," Private",83517," HS-grad",9," Never-married"," Transport-moving"," Own-child"," White"," Male",0,0,60," United-States"," <=50K"
"23053",68," Private",170376," Bachelors",13," Married-civ-spouse"," Exec-managerial"," Husband"," White"," Male",0,0,40," United-States"," >50K"
"17702",28," Private",223751," Some-college",10," Married-civ-spouse"," Adm-clerical"," Husband"," White"," Male",0,0,40," United-States"," >50K"
"19330",33," Private",58582," HS-grad",9," Married-civ-spouse"," Machine-op-inspct"," Husband"," White"," Male",0,0,40," United-States"," <=50K"
"9408",42," Private",175935," HS-grad",9," Divorced"," Transport-moving"," Not-in-family"," White"," Male",0,1980,46," United-States"," <=50K"
"4786",25," Private",228608," Some-college",10," Never-married"," Craft-repair"," Other-relative"," Asian-Pac-Islander"," Female",0,0,40," Cambodia"," <=50K"
"31329",31," Private",59083," HS-grad",9," Married-civ-spouse"," Other-service"," Husband"," White"," Male",0,0,35," United-States"," <=50K"
"29352",69," Self-emp-not-inc",185039," HS-grad",9," Married-civ-spouse"," Exec-managerial"," Husband"," White"," Male",9386,0,12," United-States"," >50K"
"22468",48," Private",166809," Bachelors",13," Married-spouse-absent"," Exec-managerial"," Not-in-family"," White"," Female",0,0,50," United-States"," >50K"
"25875",38," Self-emp-not-inc",342635," Bachelors",13," Married-civ-spouse"," Prof-specialty"," Husband"," White"," Male",0,0,70," United-States"," <=50K"
"801",43," Private",154538," Assoc-acdm",12," Divorced"," Craft-repair"," Not-in-family"," White"," Male",0,0,40," United-States"," <=50K"
"15541",50," Self-emp-not-inc",192654," 10th",6," Never-married"," Craft-repair"," Not-in-family"," White"," Male",0,0,25," United-States"," <=50K"
"24669",36," Local-gov",331902," Some-college",10," Divorced"," Adm-clerical"," Unmarried"," White"," Female",0,0,35," United-States"," <=50K"
"7039",19," Private",206874," Assoc-voc",11," Never-married"," Adm-clerical"," Own-child"," Black"," Female",0,0,40," United-States"," <=50K"
"10349",26," Private",190330," Bachelors",13," Never-married"," Other-service"," Not-in-family"," White"," Male",0,0,30," United-States"," <=50K"
"7533",39," Local-gov",287031," Masters",14," Married-civ-spouse"," Prof-specialty"," Husband"," White"," Male",0,0,45," United-States"," >50K"
"4644",59," Private",381851," 9th",5," Widowed"," Other-service"," Unmarried"," Black"," Female",0,0,40," United-States"," <=50K"
"13482",21," State-gov",173324," Some-college",10," Never-married"," Other-service"," Own-child"," Black"," Male",0,0,20," United-States"," <=50K"
"13454",25," Private",172581," Bachelors",13," Never-married"," Prof-specialty"," Not-in-family"," White"," Female",0,0,40," United-States"," <=50K"
"11995",40," Private",92717," HS-grad",9," Never-married"," Other-service"," Unmarried"," Black"," Female",0,0,40," United-States"," <=50K"
"4958",25," Private",108779," Masters",14," Separated"," Other-service"," Own-child"," White"," Female",0,0,40," United-States"," <=50K"
"4514",21," Private",191243," Some-college",10," Never-married"," Other-service"," Own-child"," White"," Male",0,0,40," United-States"," <=50K"
"7578",25," Private",53903," Some-college",10," Married-civ-spouse"," Craft-repair"," Husband"," White"," Male",0,0,40," United-States"," <=50K"
"15151",29," Private",213842," Some-college",10," Married-civ-spouse"," Craft-repair"," Husband"," White"," Male",0,0,40," United-States"," <=50K"
"8648",25," Private",282612," Assoc-voc",11," Never-married"," Tech-support"," Unmarried"," Black"," Female",0,0,40," United-States"," <=50K"
"27890",17," Private",56536," 11th",7," Never-married"," Sales"," Own-child"," White"," Female",1055,0,18," India"," <=50K"
"1491",32," Private",402812," Some-college",10," Married-civ-spouse"," Sales"," Husband"," White"," Male",0,0,48," United-States"," <=50K"
"14376",25," Federal-gov",366207," HS-grad",9," Never-married"," Transport-moving"," Own-child"," White"," Male",0,0,40," United-States"," <=50K"
"25973",26," Private",100147," Bachelors",13," Married-civ-spouse"," Exec-managerial"," Wife"," White"," Female",0,0,45," United-States"," >50K"
"3963",30," Private",207253," Assoc-voc",11," Married-civ-spouse"," Craft-repair"," Husband"," White"," Male",0,0,40," England"," <=50K"
"18235",53," Self-emp-not-inc",33304," Prof-school",15," Married-civ-spouse"," Prof-specialty"," Husband"," White"," Male",0,0,38," United-States"," >50K"
"6714",48," Private",205424," Bachelors",13," Divorced"," Sales"," Unmarried"," White"," Male",0,0,40," United-States"," >50K"
"4146",36," Private",95654," Bachelors",13," Married-civ-spouse"," Prof-specialty"," Wife"," White"," Female",0,0,50," Iran"," >50K"
"24486",63," ?",310396," 9th",5," Married-civ-spouse"," ?"," Husband"," White"," Male",5178,0,40," United-States"," >50K"
"29092",29," Private",214702," HS-grad",9," Never-married"," Craft-repair"," Not-in-family"," White"," Male",0,1974,35," United-States"," <=50K"
"12171",19," Private",258633," Some-college",10," Never-married"," Other-service"," Not-in-family"," White"," Female",0,0,30," United-States"," <=50K"
"21617",55," Private",129762," HS-grad",9," Divorced"," Adm-clerical"," Unmarried"," White"," Female",0,0,40," United-States"," <=50K"
"3083",74," Self-emp-inc",162340," Some-college",10," Widowed"," Exec-managerial"," Unmarried"," White"," Male",0,0,40," United-States"," <=50K"
"12479",41," State-gov",70884," HS-grad",9," Married-civ-spouse"," Tech-support"," Husband"," White"," Male",0,0,40," United-States"," <=50K"
"8917",24," Private",146706," Some-college",10," Never-married"," Other-service"," Not-in-family"," White"," Female",0,0,30," United-States"," <=50K"
"26474",34," Self-emp-not-inc",349148," Some-college",10," Married-civ-spouse"," Craft-repair"," Husband"," White"," Male",0,0,40," United-States"," <=50K"
"14575",68," ?",191288," 7th-8th",4," Widowed"," ?"," Not-in-family"," White"," Female",0,0,15," United-States"," <=50K"
"26324",60," Self-emp-not-inc",106118," HS-grad",9," Married-civ-spouse"," Sales"," Husband"," White"," Male",0,0,70," United-States"," >50K"
"26398",25," Private",113654," HS-grad",9," Separated"," Exec-managerial"," Unmarried"," White"," Female",0,0,37," United-States"," <=50K"
"25811",47," Private",99911," 12th",8," Married-spouse-absent"," Exec-managerial"," Not-in-family"," White"," Female",0,0,55," United-States"," <=50K"
"14292",40," Private",308027," HS-grad",9," Widowed"," Other-service"," Unmarried"," Black"," Female",0,0,40," United-States"," <=50K"
"24514",32," Private",198660," Some-college",10," Married-civ-spouse"," Craft-repair"," Husband"," White"," Male",0,0,40," United-States"," <=50K"
"20444",23," Private",378460," Some-college",10," Never-married"," Prof-specialty"," Own-child"," White"," Male",0,0,20," United-States"," <=50K"
"23074",34," Private",29235," Assoc-acdm",12," Divorced"," Prof-specialty"," Not-in-family"," White"," Female",0,0,40," United-States"," <=50K"
"21",40," Private",193524," Doctorate",16," Married-civ-spouse"," Prof-specialty"," Husband"," White"," Male",0,0,60," United-States"," >50K"
"15442",67," Self-emp-not-inc",268514," Bachelors",13," Divorced"," Prof-specialty"," Not-in-family"," White"," Male",0,0,40," United-States"," <=50K"
"7151",23," Private",200207," HS-grad",9," Divorced"," Handlers-cleaners"," Own-child"," White"," Male",0,0,44," United-States"," <=50K"
"12339",47," State-gov",148171," Doctorate",16," Divorced"," Prof-specialty"," Unmarried"," White"," Male",0,0,50," France"," >50K"
"19906",41," Private",282964," Some-college",10," Divorced"," Adm-clerical"," Not-in-family"," White"," Female",0,0,40," United-States"," <=50K"
"11428",24," Private",291355," Some-college",10," Divorced"," Adm-clerical"," Not-in-family"," White"," Female",0,0,60," United-States"," <=50K"
"3610",23," Private",215616," HS-grad",9," Never-married"," Prof-specialty"," Not-in-family"," White"," Female",0,0,40," Canada"," <=50K"
"7914",29," Local-gov",187649," HS-grad",9," Separated"," Protective-serv"," Other-relative"," White"," Female",0,0,40," United-States"," <=50K"
"21699",32," ?",256371," 12th",8," Never-married"," ?"," Own-child"," Black"," Female",0,0,40," United-States"," <=50K"
"13565",21," Private",203055," Some-college",10," Never-married"," Machine-op-inspct"," Unmarried"," White"," Male",0,0,40," United-States"," <=50K"
"25600",30," Federal-gov",319280," Some-college",10," Never-married"," Craft-repair"," Not-in-family"," White"," Male",0,0,40," United-States"," <=50K"
"3341",24," Private",215443," HS-grad",9," Separated"," Other-service"," Not-in-family"," White"," Male",0,0,40," United-States"," <=50K"
"14124",41," ?",339682," 5th-6th",3," Married-civ-spouse"," ?"," Husband"," White"," Male",0,0,40," Mexico"," <=50K"
"31987",45," Private",259463," Assoc-voc",11," Married-civ-spouse"," Prof-specialty"," Husband"," White"," Male",0,0,40," United-States"," >50K"
"29001",28," Private",45613," Some-college",10," Never-married"," Priv-house-serv"," Not-in-family"," White"," Female",0,0,40," United-States"," <=50K"
"28787",33," Private",207301," Assoc-acdm",12," Divorced"," Exec-managerial"," Own-child"," White"," Female",0,0,40," United-States"," <=50K"
"5685",24," Private",152189," HS-grad",9," Never-married"," Craft-repair"," Own-child"," White"," Male",0,0,40," United-States"," <=50K"
"4244",24," Private",263498," 11th",7," Never-married"," Craft-repair"," Not-in-family"," White"," Male",0,0,40," United-States"," <=50K"
"21207",50," Private",158680," Masters",14," Married-civ-spouse"," Exec-managerial"," Husband"," White"," Male",0,0,50," United-States"," >50K"
"11154",29," Private",53181," Masters",14," Married-civ-spouse"," Prof-specialty"," Husband"," White"," Male",0,0,55," United-States"," >50K"
"21324",26," Private",257405," 5th-6th",3," Never-married"," Farming-fishing"," Other-relative"," Black"," Male",0,0,40," Mexico"," <=50K"
"10402",56," Private",365050," 7th-8th",4," Never-married"," Farming-fishing"," Unmarried"," Black"," Female",0,0,20," United-States"," <=50K"
"6094",31," Private",213750," Some-college",10," Never-married"," Sales"," Not-in-family"," White"," Male",0,0,45," United-States"," <=50K"
"25398",80," ?",91901," HS-grad",9," Married-civ-spouse"," ?"," Husband"," White"," Male",0,0,25," United-States"," <=50K"
"3039",44," Local-gov",33068," 12th",8," Married-civ-spouse"," Craft-repair"," Husband"," White"," Male",0,0,55," United-States"," <=50K"
"15154",34," Private",134737," Bachelors",13," Never-married"," Sales"," Own-child"," White"," Male",0,0,40," United-States"," >50K"
"16605",73," Self-emp-not-inc",102510," 7th-8th",4," Married-civ-spouse"," Farming-fishing"," Husband"," White"," Male",6418,0,99," United-States"," >50K"
"19477",41," Private",171546," Bachelors",13," Married-civ-spouse"," Tech-support"," Husband"," White"," Male",0,0,45," United-States"," >50K"
"10804",34," Private",176711," HS-grad",9," Never-married"," Adm-clerical"," Own-child"," White"," Male",0,0,40," United-States"," <=50K"
"15860",22," Private",202416," Bachelors",13," Never-married"," Adm-clerical"," Own-child"," White"," Female",0,0,40," United-States"," <=50K"
"30981",55," Local-gov",296085," Assoc-acdm",12," Married-civ-spouse"," Prof-specialty"," Husband"," Asian-Pac-Islander"," Male",0,0,40," United-States"," >50K"
"15674",27," Private",242207," Bachelors",13," Never-married"," Tech-support"," Own-child"," White"," Female",0,0,40," United-States"," <=50K"
"28898",31," Private",46807," Bachelors",13," Never-married"," Tech-support"," Not-in-family"," White"," Male",0,0,40," United-States"," <=50K"
"29679",22," Private",314525," Bachelors",13," Never-married"," Prof-specialty"," Not-in-family"," White"," Male",0,0,40," United-States"," <=50K"
"19756",31," Private",56510," Some-college",10," Married-civ-spouse"," Craft-repair"," Husband"," Asian-Pac-Islander"," Male",0,0,40," United-States"," <=50K"
"13329",49," Self-emp-inc",141058," Some-college",10," Divorced"," Exec-managerial"," Not-in-family"," White"," Male",0,2339,50," United-States"," <=50K"
"4774",44," Self-emp-not-inc",27242," Some-college",10," Never-married"," Farming-fishing"," Own-child"," White"," Male",0,0,60," United-States"," <=50K"
"30352",68," Private",171933," 7th-8th",4," Married-civ-spouse"," Craft-repair"," Husband"," White"," Male",0,0,40," United-States"," <=50K"
"9775",34," Private",344073," HS-grad",9," Separated"," Adm-clerical"," Not-in-family"," White"," Male",0,0,40," United-States"," >50K"
"1971",35," Private",330664," Some-college",10," Never-married"," Sales"," Not-in-family"," White"," Male",0,0,40," United-States"," <=50K"
"30752",27," Private",44767," HS-grad",9," Married-civ-spouse"," Farming-fishing"," Husband"," White"," Male",0,0,40," United-States"," <=50K"
"23382",57," Federal-gov",42298," Masters",14," Married-civ-spouse"," Exec-managerial"," Husband"," Black"," Male",15024,0,40," United-States"," >50K"
"4617",36," Private",130926," Bachelors",13," Divorced"," Adm-clerical"," Not-in-family"," White"," Female",3674,0,40," United-States"," <=50K"
"17822",57," Self-emp-inc",165881," Prof-school",15," Married-civ-spouse"," Prof-specialty"," Husband"," White"," Male",0,0,40," United-States"," <=50K"
"30955",69," Private",128348," Bachelors",13," Married-civ-spouse"," Exec-managerial"," Husband"," Black"," Male",9386,0,50," United-States"," >50K"
"18995",55," Private",419732," Some-college",10," Divorced"," Other-service"," Unmarried"," White"," Female",0,0,38," United-States"," <=50K"
"13124",43," Local-gov",33331," Masters",14," Married-civ-spouse"," Exec-managerial"," Husband"," White"," Male",0,0,40," United-States"," >50K"
"21019",23," Private",346480," HS-grad",9," Never-married"," Adm-clerical"," Not-in-family"," White"," Female",0,0,50," United-States"," <=50K"
"10375",25," Private",150553," 9th",5," Married-spouse-absent"," Adm-clerical"," Unmarried"," Asian-Pac-Islander"," Female",0,0,40," Vietnam"," <=50K"
"9983",33," Private",409172," Bachelors",13," Married-civ-spouse"," Exec-managerial"," Own-child"," White"," Male",0,0,55," United-States"," <=50K"
"7129",25," Self-emp-not-inc",108001," 9th",5," Never-married"," Craft-repair"," Not-in-family"," White"," Male",0,0,15," United-States"," <=50K"
"11986",43," Local-gov",35824," Masters",14," Married-civ-spouse"," Prof-specialty"," Wife"," White"," Female",0,0,40," United-States"," >50K"
"31925",25," Private",74977," Some-college",10," Married-civ-spouse"," Adm-clerical"," Wife"," White"," Female",0,0,40," United-States"," <=50K"
"5002",55," Private",151474," Bachelors",13," Never-married"," Tech-support"," Other-relative"," White"," Female",0,1590,38," United-States"," <=50K"
"2953",22," ?",35448," HS-grad",9," Married-civ-spouse"," ?"," Wife"," White"," Female",0,0,22," United-States"," <=50K"
"4603",40," Private",210275," HS-grad",9," Separated"," Transport-moving"," Unmarried"," Black"," Female",0,0,40," United-States"," <=50K"
"22379",44," ?",190205," 7th-8th",4," Married-civ-spouse"," ?"," Husband"," White"," Male",0,0,25," United-States"," <=50K"
"20084",56," Local-gov",170217," HS-grad",9," Married-civ-spouse"," Craft-repair"," Husband"," White"," Male",0,0,40," United-States"," <=50K"
"28908",43," Private",226902," Bachelors",13," Divorced"," Machine-op-inspct"," Other-relative"," White"," Male",0,0,40," United-States"," <=50K"
"21825",34," State-gov",327902," Bachelors",13," Married-civ-spouse"," Prof-specialty"," Husband"," White"," Male",0,0,55," United-States"," <=50K"
"23902",40," Private",140559," HS-grad",9," Married-civ-spouse"," Priv-house-serv"," Wife"," White"," Female",0,0,45," United-States"," <=50K"
"16899",27," Private",114967," Bachelors",13," Never-married"," Sales"," Own-child"," White"," Male",0,0,40," United-States"," <=50K"
"21396",34," Private",212163," Some-college",10," Married-civ-spouse"," Sales"," Husband"," White"," Male",0,0,25," United-States"," <=50K"
"26648",40," Local-gov",99679," Prof-school",15," Never-married"," Exec-managerial"," Not-in-family"," White"," Male",0,0,60," United-States"," >50K"
"25495",23," Private",412248," Assoc-acdm",12," Never-married"," Other-service"," Not-in-family"," White"," Female",0,0,25," United-States"," <=50K"
"31769",45," Private",49298," Bachelors",13," Never-married"," Tech-support"," Own-child"," White"," Male",0,0,40," United-States"," <=50K"
"14248",54," Local-gov",238257," Bachelors",13," Never-married"," Prof-specialty"," Not-in-family"," White"," Male",0,0,50," United-States"," <=50K"
"10106",52," Private",49243," HS-grad",9," Married-civ-spouse"," Machine-op-inspct"," Husband"," White"," Male",0,0,40," United-States"," <=50K"
"13276",27," Private",177351," Bachelors",13," Never-married"," Sales"," Not-in-family"," White"," Male",0,0,45," United-States"," <=50K"
"340",45," Private",261192," HS-grad",9," Married-civ-spouse"," Other-service"," Husband"," Black"," Male",0,0,40," United-States"," <=50K"
"5961",18," Private",78817," HS-grad",9," Never-married"," Adm-clerical"," Own-child"," White"," Female",0,0,20," United-States"," <=50K"
"27319",40," Private",141583," 10th",6," Never-married"," Other-service"," Unmarried"," Black"," Female",0,0,40," United-States"," <=50K"
"7494",66," Self-emp-not-inc",291362," Prof-school",15," Married-civ-spouse"," Prof-specialty"," Husband"," White"," Male",0,0,50," United-States"," <=50K"
"7751",23," ?",72953," HS-grad",9," Never-married"," ?"," Not-in-family"," White"," Male",0,0,40," United-States"," <=50K"
"2486",27," Private",297296," HS-grad",9," Married-civ-spouse"," Craft-repair"," Husband"," White"," Male",0,0,40," United-States"," <=50K"
"7965",23," Private",361481," 10th",6," Married-civ-spouse"," Other-service"," Husband"," White"," Male",0,0,40," ?"," <=50K"
"23730",41," ?",211873," Assoc-voc",11," Married-civ-spouse"," ?"," Wife"," White"," Female",0,1628,5," ?"," <=50K"
"27467",68," ?",152157," HS-grad",9," Widowed"," ?"," Not-in-family"," White"," Female",0,0,20," United-States"," <=50K"
"16125",51," Private",194097," HS-grad",9," Married-civ-spouse"," Protective-serv"," Husband"," White"," Male",0,0,40," United-States"," <=50K"
"12572",29," Private",108574," Assoc-voc",11," Never-married"," Priv-house-serv"," Own-child"," White"," Female",0,0,40," United-States"," <=50K"
"7987",51," Federal-gov",190333," Some-college",10," Married-civ-spouse"," Craft-repair"," Husband"," White"," Male",0,0,40," United-States"," <=50K"
"3601",53," Private",209022," 11th",7," Divorced"," Other-service"," Not-in-family"," White"," Female",0,0,37," United-States"," <=50K"
"12639",55," Private",49996," 11th",7," Never-married"," Machine-op-inspct"," Not-in-family"," Black"," Female",0,0,40," United-States"," <=50K"
"18534",49," Private",165513," Some-college",10," Divorced"," Handlers-cleaners"," Unmarried"," Black"," Female",0,0,40," United-States"," <=50K"
"7029",47," Private",221666," Some-college",10," Divorced"," Tech-support"," Unmarried"," White"," Female",0,0,40," United-States"," <=50K"
"14412",20," Private",88126," Some-college",10," Never-married"," Adm-clerical"," Own-child"," White"," Male",0,0,9," England"," <=50K"
"7064",38," Private",26987," HS-grad",9," Divorced"," Other-service"," Unmarried"," White"," Female",0,0,40," United-States"," <=50K"
"16276",45," Private",162606," HS-grad",9," Divorced"," Sales"," Not-in-family"," White"," Female",0,0,35," United-States"," <=50K"
"11467",42," Private",157443," Bachelors",13," Married-civ-spouse"," Prof-specialty"," Wife"," Asian-Pac-Islander"," Female",0,0,27," Taiwan"," >50K"
"21059",44," Self-emp-not-inc",172479," HS-grad",9," Married-civ-spouse"," Farming-fishing"," Husband"," White"," Male",15024,0,60," United-States"," >50K"
"12140",45," Private",129336," Masters",14," Married-civ-spouse"," Adm-clerical"," Husband"," White"," Male",0,0,45," United-States"," >50K"
"11516",69," Private",370837," Bachelors",13," Divorced"," Handlers-cleaners"," Not-in-family"," White"," Male",0,0,40," United-States"," <=50K"
"17290",44," Private",262684," HS-grad",9," Divorced"," Adm-clerical"," Not-in-family"," White"," Female",0,1504,45," United-States"," <=50K"
"23984",59," Private",200700," Bachelors",13," Married-civ-spouse"," Craft-repair"," Husband"," Black"," Male",0,0,48," United-States"," >50K"
"7163",42," Federal-gov",284403," HS-grad",9," Divorced"," Adm-clerical"," Not-in-family"," Black"," Male",0,0,40," United-States"," <=50K"
"13371",38," ?",70282," Masters",14," Married-civ-spouse"," ?"," Wife"," Black"," Female",15024,0,2," United-States"," >50K"
"8607",30," Self-emp-inc",124420," HS-grad",9," Divorced"," Exec-managerial"," Not-in-family"," White"," Male",4650,0,40," United-States"," <=50K"
"20406",26," Private",244495," HS-grad",9," Married-civ-spouse"," Craft-repair"," Husband"," White"," Male",0,0,48," United-States"," <=50K"
"5955",29," Private",201454," Some-college",10," Never-married"," Adm-clerical"," Not-in-family"," White"," Female",0,0,40," United-States"," <=50K"
"27973",31," Private",151053," Some-college",10," Married-civ-spouse"," Transport-moving"," Husband"," White"," Male",5178,0,40," United-States"," >50K"
"24180",24," Local-gov",126613," Bachelors",13," Never-married"," Prof-specialty"," Own-child"," White"," Female",0,0,20," United-States"," <=50K"
"21644",34," Private",169527," Some-college",10," Married-civ-spouse"," Sales"," Wife"," White"," Female",4386,0,20," United-States"," <=50K"
"20016",56," Self-emp-not-inc",60166," 1st-4th",2," Never-married"," Exec-managerial"," Not-in-family"," Amer-Indian-Eskimo"," Male",0,0,65," United-States"," <=50K"
"12055",53," Local-gov",176557," Masters",14," Divorced"," Prof-specialty"," Unmarried"," White"," Female",0,0,50," United-States"," <=50K"
"17159",20," Private",352139," Some-college",10," Divorced"," Other-service"," Own-child"," White"," Female",0,0,29," United-States"," <=50K"
"28325",32," Private",172375," Bachelors",13," Never-married"," Prof-specialty"," Not-in-family"," White"," Male",0,0,38," United-States"," <=50K"
"18839",29," Private",210498," HS-grad",9," Married-civ-spouse"," Craft-repair"," Husband"," White"," Male",0,0,40," United-States"," <=50K"
"27193",34," Private",167497," Some-college",10," Married-civ-spouse"," Exec-managerial"," Wife"," White"," Female",7688,0,50," United-States"," >50K"
"10118",20," ?",173945," 11th",7," Married-civ-spouse"," ?"," Other-relative"," White"," Female",0,0,39," United-States"," <=50K"
"22934",57," Self-emp-inc",37345," Prof-school",15," Married-civ-spouse"," Prof-specialty"," Husband"," White"," Male",0,0,36," United-States"," >50K"
"8581",29," Self-emp-not-inc",151476," Assoc-voc",11," Never-married"," Adm-clerical"," Not-in-family"," White"," Female",2174,0,40," United-States"," <=50K"
"19244",40," Private",183404," Some-college",10," Separated"," Other-service"," Unmarried"," White"," Female",0,0,8," United-States"," <=50K"
"15583",19," Private",63814," Some-college",10," Never-married"," Adm-clerical"," Not-in-family"," White"," Female",0,0,18," United-States"," <=50K"
"32378",28," Private",180299," HS-grad",9," Married-civ-spouse"," Transport-moving"," Husband"," White"," Male",0,0,70," United-States"," <=50K"
"18279",55," Private",49737," Some-college",10," Married-civ-spouse"," Sales"," Husband"," White"," Male",0,0,50," United-States"," <=50K"
"29563",25," Private",363707," HS-grad",9," Married-civ-spouse"," Handlers-cleaners"," Husband"," White"," Male",0,0,40," United-States"," <=50K"
"29196",48," Private",155509," HS-grad",9," Never-married"," Adm-clerical"," Not-in-family"," Black"," Female",0,0,16," Trinadad&Tobago"," <=50K"
"8876",36," Private",194630," Some-college",10," Divorced"," Sales"," Unmarried"," White"," Female",0,0,40," United-States"," <=50K"
"10407",31," Private",103435," Bachelors",13," Married-civ-spouse"," Sales"," Husband"," White"," Male",0,0,50," United-States"," >50K"
"31905",55," Private",100054," 10th",6," Never-married"," Other-service"," Not-in-family"," White"," Male",0,0,40," United-States"," <=50K"
"20068",62," Self-emp-not-inc",39630," HS-grad",9," Married-civ-spouse"," Transport-moving"," Husband"," White"," Male",0,0,48," United-States"," <=50K"
"30339",33," State-gov",119628," Doctorate",16," Married-civ-spouse"," Prof-specialty"," Husband"," Asian-Pac-Islander"," Male",0,0,50," Hong"," <=50K"
"15100",63," Self-emp-not-inc",420629," Assoc-voc",11," Married-civ-spouse"," Other-service"," Husband"," White"," Male",0,0,45," United-States"," <=50K"
"13168",34," Private",56150," 11th",7," Never-married"," Transport-moving"," Unmarried"," White"," Male",0,0,40," United-States"," <=50K"
"21336",43," Self-emp-not-inc",194726," HS-grad",9," Divorced"," Craft-repair"," Own-child"," White"," Male",0,0,35," United-States"," <=50K"
"4931",34," Local-gov",303867," 9th",5," Never-married"," Other-service"," Own-child"," White"," Male",0,0,40," United-States"," <=50K"
"18540",36," Private",235371," HS-grad",9," Never-married"," Sales"," Not-in-family"," White"," Female",0,0,40," United-States"," <=50K"
"7726",53," Private",30447," HS-grad",9," Divorced"," Machine-op-inspct"," Not-in-family"," White"," Male",0,0,50," United-States"," <=50K"
"31142",53," Private",191565," 1st-4th",2," Divorced"," Other-service"," Unmarried"," Black"," Female",0,0,40," Dominican-Republic"," <=50K"
"19460",55," Private",193130," HS-grad",9," Married-civ-spouse"," Handlers-cleaners"," Husband"," White"," Male",0,1887,40," United-States"," >50K"
"16666",65," Private",420277," Some-college",10," Married-civ-spouse"," Protective-serv"," Husband"," White"," Male",0,0,40," United-States"," <=50K"
"13027",79," ?",100881," Assoc-acdm",12," Married-civ-spouse"," ?"," Wife"," White"," Female",0,0,2," United-States"," >50K"
"28482",52," Private",95704," 9th",5," Married-civ-spouse"," Handlers-cleaners"," Husband"," White"," Male",0,0,40," United-States"," <=50K"
"11781",43," State-gov",129298," Masters",14," Married-civ-spouse"," Exec-managerial"," Husband"," White"," Male",0,0,40," United-States"," >50K"
"9326",46," Self-emp-not-inc",320421," Bachelors",13," Married-spouse-absent"," Prof-specialty"," Not-in-family"," White"," Male",0,0,25," United-States"," <=50K"
"5521",25," Private",222254," HS-grad",9," Never-married"," Other-service"," Not-in-family"," Black"," Female",0,0,40," United-States"," <=50K"
"5571",42," Private",266084," Some-college",10," Married-civ-spouse"," Craft-repair"," Husband"," White"," Male",7298,0,45," United-States"," >50K"
"15595",34," Private",202822," Masters",14," Never-married"," Tech-support"," Unmarried"," Black"," Female",0,0,40," ?"," <=50K"
"8184",47," Private",256866," HS-grad",9," Married-civ-spouse"," Transport-moving"," Husband"," White"," Male",0,0,48," United-States"," <=50K"
"6996",20," ?",168863," Some-college",10," Never-married"," ?"," Own-child"," White"," Female",0,0,20," United-States"," <=50K"
"21815",60," Private",116707," 11th",7," Divorced"," Protective-serv"," Not-in-family"," White"," Male",0,0,40," United-States"," <=50K"
"1542",62," Private",162245," Prof-school",15," Married-civ-spouse"," Prof-specialty"," Husband"," White"," Male",0,1628,70," United-States"," <=50K"
"22670",36," Private",116138," HS-grad",9," Married-civ-spouse"," Prof-specialty"," Husband"," Asian-Pac-Islander"," Male",0,0,40," Cambodia"," <=50K"
"11382",56," State-gov",175057," Bachelors",13," Married-civ-spouse"," Exec-managerial"," Husband"," White"," Male",0,0,40," United-States"," <=50K"
"13227",37," Private",75024," HS-grad",9," Divorced"," Sales"," Unmarried"," White"," Female",0,0,25," Canada"," <=50K"
"26553",54," Private",189607," Bachelors",13," Never-married"," Other-service"," Own-child"," Black"," Female",0,0,36," United-States"," <=50K"
"29718",49," Local-gov",215895," Masters",14," Married-civ-spouse"," Adm-clerical"," Husband"," White"," Male",0,0,40," Italy"," >50K"
"9138",66," Private",166461," 11th",7," Married-civ-spouse"," Sales"," Husband"," White"," Male",0,0,26," United-States"," <=50K"
"31083",47," Local-gov",140644," Some-college",10," Married-civ-spouse"," Protective-serv"," Husband"," White"," Male",0,0,40," United-States"," >50K"
"23556",21," Private",180052," Some-college",10," Never-married"," Transport-moving"," Own-child"," White"," Male",0,0,30," United-States"," <=50K"
"22196",48," Private",192161," Bachelors",13," Divorced"," Handlers-cleaners"," Not-in-family"," White"," Male",0,0,43," United-States"," <=50K"
"1709",24," Private",67222," Bachelors",13," Never-married"," Machine-op-inspct"," Not-in-family"," Asian-Pac-Islander"," Male",0,0,45," China"," <=50K"
"12780",50," Private",172052," HS-grad",9," Married-civ-spouse"," Prof-specialty"," Husband"," Asian-Pac-Islander"," Male",0,0,35," South"," >50K"
"15452",20," Private",131852," HS-grad",9," Never-married"," Adm-clerical"," Not-in-family"," White"," Female",0,0,40," United-States"," <=50K"
"18116",28," State-gov",155397," Bachelors",13," Never-married"," Exec-managerial"," Not-in-family"," White"," Male",0,0,55," United-States"," <=50K"
"22577",33," Private",275369," 7th-8th",4," Separated"," Handlers-cleaners"," Not-in-family"," Black"," Male",0,0,35," Haiti"," <=50K"
"29606",61," Private",178312," Assoc-acdm",12," Married-civ-spouse"," Exec-managerial"," Husband"," White"," Male",0,0,42," United-States"," <=50K"
"19992",20," Private",117767," Some-college",10," Never-married"," Adm-clerical"," Own-child"," White"," Male",0,0,25," United-States"," <=50K"
"13851",45," Private",265083," 5th-6th",3," Divorced"," Priv-house-serv"," Unmarried"," White"," Female",0,0,35," Mexico"," <=50K"
"17525",26," Federal-gov",52322," Bachelors",13," Never-married"," Tech-support"," Not-in-family"," Other"," Male",0,0,60," United-States"," <=50K"
"1891",68," Self-emp-not-inc",197015," HS-grad",9," Married-civ-spouse"," Farming-fishing"," Husband"," White"," Male",0,0,45," United-States"," <=50K"
"8433",40," Private",139193," HS-grad",9," Divorced"," Craft-repair"," Not-in-family"," White"," Male",0,0,40," United-States"," <=50K"
"12839",17," Private",126771," 12th",8," Never-married"," Prof-specialty"," Own-child"," White"," Male",0,0,7," United-States"," <=50K"
"6393",33," State-gov",208785," Some-college",10," Separated"," Prof-specialty"," Not-in-family"," White"," Male",10520,0,40," United-States"," >50K"
"26892",45," Private",140644," Doctorate",16," Divorced"," Prof-specialty"," Not-in-family"," White"," Male",0,0,45," United-States"," >50K"
"4942",33," Self-emp-inc",132601," HS-grad",9," Married-civ-spouse"," Craft-repair"," Husband"," White"," Male",0,0,40," United-States"," >50K"
"25969",34," Private",148226," HS-grad",9," Never-married"," Machine-op-inspct"," Unmarried"," Black"," Female",0,0,48," United-States"," <=50K"
"17674",19," Private",97261," HS-grad",9," Never-married"," Farming-fishing"," Not-in-family"," White"," Male",0,0,40," United-States"," <=50K"
"21407",37," Private",329980," Some-college",10," Married-civ-spouse"," Craft-repair"," Husband"," White"," Male",0,0,40," United-States"," <=50K"
"5550",51," Local-gov",33863," Masters",14," Married-civ-spouse"," Prof-specialty"," Husband"," White"," Male",0,0,45," United-States"," <=50K"
"20460",32," Local-gov",235109," Bachelors",13," Married-civ-spouse"," Adm-clerical"," Wife"," White"," Female",0,0,40," United-States"," <=50K"
"10079",48," Private",401333," HS-grad",9," Divorced"," Sales"," Not-in-family"," White"," Male",0,0,40," United-States"," <=50K"
"23415",36," Private",334366," 11th",7," Separated"," Exec-managerial"," Not-in-family"," White"," Female",0,0,32," United-States"," <=50K"
"12892",51," Private",41806," 11th",7," Married-civ-spouse"," Machine-op-inspct"," Husband"," White"," Male",0,0,40," United-States"," <=50K"
"31324",23," Private",149204," Bachelors",13," Never-married"," Exec-managerial"," Own-child"," White"," Male",0,0,40," United-States"," <=50K"
"31260",42," Private",180019," HS-grad",9," Never-married"," Other-service"," Not-in-family"," White"," Female",0,0,65," United-States"," <=50K"
"23482",23," Private",181820," HS-grad",9," Separated"," Craft-repair"," Own-child"," White"," Male",0,0,53," United-States"," <=50K"
"8311",69," Private",113035," 1st-4th",2," Widowed"," Priv-house-serv"," Not-in-family"," Black"," Female",0,0,4," United-States"," <=50K"
"7166",20," State-gov",340475," Some-college",10," Never-married"," Adm-clerical"," Own-child"," White"," Female",0,0,10," United-States"," <=50K"
"19161",36," Self-emp-not-inc",48093," Some-college",10," Married-civ-spouse"," Sales"," Husband"," White"," Male",0,0,92," United-States"," <=50K"
"8644",43," ?",116632," Some-college",10," Married-civ-spouse"," ?"," Husband"," White"," Male",0,0,45," United-States"," >50K"
"17158",51," Self-emp-not-inc",205100," HS-grad",9," Married-civ-spouse"," Exec-managerial"," Wife"," White"," Female",0,0,40," United-States"," <=50K"
"25370",41," Self-emp-not-inc",375574," Some-college",10," Married-civ-spouse"," Sales"," Husband"," White"," Male",0,0,60," Mexico"," >50K"
"5430",53," Private",283602," Bachelors",13," Divorced"," Sales"," Not-in-family"," White"," Female",13550,0,43," United-States"," >50K"
"13064",20," State-gov",334113," Some-college",10," Married-civ-spouse"," Other-service"," Husband"," White"," Male",0,0,40," United-States"," <=50K"
"15234",42," Self-emp-not-inc",53956," HS-grad",9," Divorced"," Exec-managerial"," Unmarried"," White"," Male",0,0,55," United-States"," <=50K"
"28042",48," Private",70668," HS-grad",9," Married-civ-spouse"," Machine-op-inspct"," Wife"," White"," Female",0,0,50," United-States"," <=50K"
"29902",41," Private",197372," HS-grad",9," Married-civ-spouse"," Craft-repair"," Husband"," White"," Male",0,0,60," United-States"," >50K"
"28488",45," Private",192323," Assoc-acdm",12," Married-civ-spouse"," Craft-repair"," Husband"," White"," Male",0,0,66," Yugoslavia"," <=50K"
"21776",61," Self-emp-not-inc",390472," HS-grad",9," Married-civ-spouse"," Farming-fishing"," Husband"," White"," Male",0,0,40," United-States"," <=50K"
"30689",47," Private",162494," Some-college",10," Divorced"," Sales"," Unmarried"," White"," Female",0,0,45," United-States"," >50K"
"16680",20," ?",34321," Some-college",10," Never-married"," ?"," Own-child"," White"," Female",0,0,30," United-States"," <=50K"
"18620",63," Self-emp-not-inc",52144," Some-college",10," Widowed"," Exec-managerial"," Not-in-family"," White"," Male",0,0,35," United-States"," <=50K"
"10862",43," Private",174196," HS-grad",9," Never-married"," Other-service"," Unmarried"," Black"," Female",0,0,40," United-States"," <=50K"
"11217",66," Private",116468," Masters",14," Married-civ-spouse"," Prof-specialty"," Husband"," White"," Male",2936,0,20," United-States"," <=50K"
"647",31," Local-gov",402089," HS-grad",9," Divorced"," Adm-clerical"," Unmarried"," White"," Female",0,0,40," United-States"," <=50K"
"16237",27," Private",472070," Assoc-voc",11," Never-married"," Machine-op-inspct"," Not-in-family"," White"," Male",0,0,40," United-States"," <=50K"
"28127",34," Private",212781," Bachelors",13," Married-civ-spouse"," Exec-managerial"," Husband"," White"," Male",0,0,40," United-States"," >50K"
"204",42," Local-gov",254817," Some-college",10," Never-married"," Prof-specialty"," Not-in-family"," White"," Female",0,1340,40," United-States"," <=50K"
"2327",37," Private",200863," Some-college",10," Widowed"," Craft-repair"," Unmarried"," White"," Male",0,0,40," United-States"," <=50K"
"5303",21," ?",180339," Some-college",10," Never-married"," ?"," Own-child"," White"," Female",0,0,25," United-States"," <=50K"
"24872",27," Local-gov",170504," Bachelors",13," Never-married"," Transport-moving"," Not-in-family"," White"," Female",0,0,40," United-States"," <=50K"
"23737",32," Private",44675," Doctorate",16," Married-civ-spouse"," Prof-specialty"," Husband"," White"," Male",0,0,65," United-States"," >50K"
"31378",40," Private",110622," Prof-school",15," Married-civ-spouse"," Adm-clerical"," Other-relative"," Asian-Pac-Islander"," Female",0,0,40," Philippines"," <=50K"
"15060",21," Private",243368," Preschool",1," Never-married"," Farming-fishing"," Not-in-family"," White"," Male",0,0,50," Mexico"," <=50K"
"2402",20," Private",137651," Some-college",10," Never-married"," Machine-op-inspct"," Own-child"," Amer-Indian-Eskimo"," Male",0,0,40," United-States"," <=50K"
"20946",19," Private",231972," 11th",7," Never-married"," Adm-clerical"," Own-child"," White"," Female",0,0,20," United-States"," <=50K"
"24489",24," Private",172496," Bachelors",13," Never-married"," Tech-support"," Not-in-family"," White"," Male",0,0,55," United-States"," <=50K"
"4426",29," Private",209301," Bachelors",13," Married-civ-spouse"," Craft-repair"," Husband"," White"," Male",0,0,40," Canada"," <=50K"
"12802",26," Self-emp-inc",176981," Bachelors",13," Never-married"," Adm-clerical"," Own-child"," White"," Female",0,0,50," United-States"," <=50K"
"7263",31," Private",191001," HS-grad",9," Never-married"," Sales"," Not-in-family"," White"," Female",0,0,40," United-States"," <=50K"
"1871",40," Private",173607," 10th",6," Married-civ-spouse"," Transport-moving"," Husband"," White"," Male",0,0,40," United-States"," <=50K"
"12778",48," Private",247685," Some-college",10," Divorced"," Craft-repair"," Not-in-family"," White"," Male",3325,0,40," United-States"," <=50K"
"2096",49," Private",168211," Some-college",10," Married-civ-spouse"," Craft-repair"," Husband"," White"," Male",0,1485,40," United-States"," >50K"
"7291",39," State-gov",201105," Bachelors",13," Married-civ-spouse"," Exec-managerial"," Wife"," White"," Female",0,0,55," United-States"," >50K"
"1764",28," Private",215873," 10th",6," Never-married"," Machine-op-inspct"," Own-child"," Black"," Male",0,0,45," United-States"," <=50K"
"21632",71," ?",45801," HS-grad",9," Married-civ-spouse"," ?"," Husband"," White"," Male",0,0,70," United-States"," <=50K"
"9609",40," Private",103474," HS-grad",9," Married-civ-spouse"," Sales"," Wife"," White"," Female",0,0,30," United-States"," <=50K"
"3251",49," State-gov",203039," 11th",7," Married-civ-spouse"," Adm-clerical"," Husband"," White"," Male",0,0,40," United-States"," <=50K"
"2321",40," Private",234633," Some-college",10," Never-married"," Craft-repair"," Not-in-family"," White"," Male",0,0,40," United-States"," <=50K"
"28411",23," Private",185106," HS-grad",9," Never-married"," Handlers-cleaners"," Own-child"," Black"," Male",0,0,40," United-States"," <=50K"
"24338",62," Local-gov",68268," HS-grad",9," Married-civ-spouse"," Transport-moving"," Husband"," White"," Male",0,0,40," United-States"," <=50K"
"26349",59," ?",375049," HS-grad",9," Married-civ-spouse"," ?"," Husband"," White"," Male",0,0,41," United-States"," >50K"
"31689",34," Self-emp-inc",343789," Bachelors",13," Married-civ-spouse"," Exec-managerial"," Husband"," White"," Male",7688,0,55," United-States"," >50K"
"3343",40," Private",181015," HS-grad",9," Separated"," Other-service"," Unmarried"," White"," Female",0,0,47," United-States"," <=50K"
"3196",30," Private",125279," HS-grad",9," Married-spouse-absent"," Sales"," Unmarried"," White"," Male",0,0,40," United-States"," <=50K"
"25772",44," Private",187629," Assoc-acdm",12," Never-married"," Craft-repair"," Not-in-family"," White"," Male",0,0,25," United-States"," <=50K"
"25312",29," Private",82242," Prof-school",15," Never-married"," Prof-specialty"," Unmarried"," White"," Male",27828,0,45," Germany"," >50K"
"305",24," Private",303296," Some-college",10," Married-civ-spouse"," Adm-clerical"," Wife"," Asian-Pac-Islander"," Female",0,0,40," Laos"," <=50K"
"25132",49," Self-emp-not-inc",215096," 9th",5," Divorced"," Other-service"," Not-in-family"," White"," Female",0,0,20," United-States"," <=50K"
"23529",72," Federal-gov",217864," HS-grad",9," Married-civ-spouse"," Adm-clerical"," Husband"," White"," Male",0,0,40," United-States"," >50K"
"20327",26," Private",59367," Bachelors",13," Never-married"," Machine-op-inspct"," Other-relative"," White"," Male",0,0,40," United-States"," <=50K"
"15513",24," Private",314165," Some-college",10," Never-married"," Exec-managerial"," Own-child"," White"," Male",0,0,20," United-States"," <=50K"
"5053",39," Private",56648," HS-grad",9," Separated"," Sales"," Not-in-family"," White"," Female",0,0,47," United-States"," <=50K"
"265",26," Private",378322," 11th",7," Married-civ-spouse"," Craft-repair"," Husband"," White"," Male",0,0,40," United-States"," <=50K"
"14594",27," Private",179915," Bachelors",13," Never-married"," Exec-managerial"," Own-child"," White"," Female",0,0,99," United-States"," <=50K"
"15878",37," Private",79586," Bachelors",13," Married-civ-spouse"," Exec-managerial"," Husband"," Asian-Pac-Islander"," Male",0,0,40," Iran"," <=50K"
"12565",64," Private",391121," 7th-8th",4," Married-civ-spouse"," Farming-fishing"," Husband"," White"," Male",0,0,40," United-States"," >50K"
"14986",50," Local-gov",120190," Masters",14," Divorced"," Prof-specialty"," Not-in-family"," White"," Female",0,0,45," United-States"," <=50K"
"23003",38," Private",204501," Bachelors",13," Married-civ-spouse"," Exec-managerial"," Husband"," White"," Male",0,0,55," United-States"," >50K"
"1784",39," Private",238415," Bachelors",13," Married-civ-spouse"," Exec-managerial"," Husband"," White"," Male",0,0,50," United-States"," >50K"
"11441",67," Private",174603," HS-grad",9," Never-married"," Exec-managerial"," Not-in-family"," White"," Female",0,0,35," United-States"," <=50K"
"25888",31," Private",165949," HS-grad",9," Divorced"," Other-service"," Unmarried"," White"," Female",0,0,40," United-States"," <=50K"
"26948",25," Private",96268," 11th",7," Divorced"," Exec-managerial"," Unmarried"," White"," Female",0,0,40," United-States"," <=50K"
"7666",45," Private",170600," Assoc-voc",11," Divorced"," Adm-clerical"," Unmarried"," Black"," Female",0,0,40," United-States"," <=50K"
"11414",17," ?",237078," 11th",7," Never-married"," ?"," Own-child"," White"," Female",0,0,35," United-States"," <=50K"
"27628",48," Private",189462," Some-college",10," Divorced"," Handlers-cleaners"," Own-child"," White"," Male",2176,0,40," United-States"," <=50K"
"27527",23," Private",71864," Some-college",10," Never-married"," Exec-managerial"," Not-in-family"," White"," Female",0,0,35," United-States"," <=50K"
"9540",52," Local-gov",192563," Some-college",10," Divorced"," Exec-managerial"," Not-in-family"," White"," Female",0,0,38," United-States"," <=50K"
"4741",33," Private",135312," Bachelors",13," Never-married"," Prof-specialty"," Not-in-family"," White"," Male",0,0,40," United-States"," >50K"
"22696",33," Private",288273," 12th",8," Separated"," Adm-clerical"," Unmarried"," White"," Female",1471,0,40," United-States"," <=50K"
"3347",27," Private",58654," Assoc-voc",11," Separated"," Adm-clerical"," Unmarried"," White"," Female",0,0,40," United-States"," <=50K"
"1088",29," Private",201954," Bachelors",13," Never-married"," Exec-managerial"," Not-in-family"," White"," Male",0,0,35," United-States"," <=50K"
"32216",55," Private",176897," Some-college",10," Divorced"," Tech-support"," Not-in-family"," White"," Male",0,0,40," United-States"," <=50K"
"1125",48," Private",95244," Some-college",10," Divorced"," Other-service"," Unmarried"," Black"," Female",0,0,35," United-States"," <=50K"
"10908",25," Private",88922," HS-grad",9," Married-civ-spouse"," Transport-moving"," Husband"," Black"," Male",0,0,40," United-States"," <=50K"
"29495",39," State-gov",142897," Assoc-voc",11," Never-married"," Exec-managerial"," Unmarried"," White"," Female",0,0,50," United-States"," <=50K"
"19895",23," Local-gov",324637," Some-college",10," Never-married"," Adm-clerical"," Not-in-family"," White"," Male",0,0,30," United-States"," <=50K"
"9227",42," Private",152568," HS-grad",9," Widowed"," Sales"," Unmarried"," Amer-Indian-Eskimo"," Female",0,0,40," United-States"," <=50K"
"23779",68," Private",168794," 7th-8th",4," Married-civ-spouse"," Other-service"," Husband"," White"," Male",0,0,30," United-States"," <=50K"
"26880",41," Private",178431," HS-grad",9," Married-civ-spouse"," Craft-repair"," Husband"," Asian-Pac-Islander"," Male",0,0,40," Taiwan"," <=50K"
"10129",17," Private",186677," 11th",7," Never-married"," Handlers-cleaners"," Own-child"," White"," Male",0,0,12," United-States"," <=50K"
"15874",58," Private",314153," HS-grad",9," Married-civ-spouse"," Craft-repair"," Husband"," White"," Male",0,0,40," United-States"," >50K"
"22473",25," Private",267431," Bachelors",13," Never-married"," Prof-specialty"," Own-child"," Black"," Female",0,0,55," United-States"," <=50K"
"20671",40," Federal-gov",241895," HS-grad",9," Married-civ-spouse"," Adm-clerical"," Husband"," White"," Male",0,0,40," United-States"," <=50K"
"20750",37," Private",120074," HS-grad",9," Never-married"," Transport-moving"," Not-in-family"," White"," Male",0,0,40," United-States"," <=50K"
"31509",48," State-gov",50748," Bachelors",13," Divorced"," Adm-clerical"," Unmarried"," White"," Female",0,0,40," United-States"," <=50K"
"13364",21," Private",203076," HS-grad",9," Never-married"," Handlers-cleaners"," Own-child"," White"," Male",0,0,35," United-States"," <=50K"
"3848",44," Private",103459," HS-grad",9," Married-civ-spouse"," Sales"," Wife"," White"," Female",0,0,40," United-States"," >50K"
"16949",27," Private",29732," Bachelors",13," Never-married"," Prof-specialty"," Not-in-family"," White"," Female",4865,0,36," United-States"," <=50K"
"7252",18," Private",236262," 11th",7," Never-married"," Handlers-cleaners"," Own-child"," White"," Male",0,0,12," United-States"," <=50K"
"15671",31," Private",145139," Bachelors",13," Married-civ-spouse"," Craft-repair"," Husband"," White"," Male",0,0,40," United-States"," >50K"
"11927",43," Private",186188," Some-college",10," Divorced"," Adm-clerical"," Unmarried"," White"," Female",0,0,40," United-States"," <=50K"
"31679",61," Federal-gov",181081," HS-grad",9," Divorced"," Adm-clerical"," Own-child"," Black"," Female",0,0,20," United-States"," <=50K"
"12510",36," Private",193855," HS-grad",9," Married-civ-spouse"," Craft-repair"," Husband"," White"," Male",0,0,40," United-States"," <=50K"
"7385",37," Private",172538," HS-grad",9," Never-married"," Machine-op-inspct"," Own-child"," White"," Male",0,0,40," United-States"," <=50K"
"20078",35," Private",183892," 10th",6," Married-civ-spouse"," Craft-repair"," Husband"," White"," Male",0,0,40," United-States"," <=50K"
"4399",24," Private",137591," Some-college",10," Never-married"," Sales"," Own-child"," White"," Male",0,1762,40," United-States"," <=50K"
"31163",52," Private",386397," Bachelors",13," Married-civ-spouse"," Exec-managerial"," Husband"," White"," Male",0,0,45," United-States"," >50K"
"16590",34," Private",271933," Masters",14," Never-married"," Exec-managerial"," Unmarried"," White"," Female",0,0,50," United-States"," <=50K"
"5253",24," Private",157332," Some-college",10," Never-married"," Machine-op-inspct"," Own-child"," White"," Female",0,0,42," United-States"," <=50K"
"20030",22," ?",34506," Some-college",10," Separated"," ?"," Unmarried"," White"," Female",0,0,25," United-States"," <=50K"
"31754",20," ?",71788," Some-college",10," Never-married"," ?"," Own-child"," White"," Female",0,0,18," United-States"," <=50K"
"21538",51," ?",177487," HS-grad",9," Married-civ-spouse"," ?"," Husband"," White"," Male",0,0,40," United-States"," <=50K"
"13491",29," Private",197618," HS-grad",9," Never-married"," Adm-clerical"," Not-in-family"," White"," Female",0,0,40," United-States"," <=50K"
"10413",31," Private",219318," HS-grad",9," Never-married"," Adm-clerical"," Unmarried"," White"," Female",0,0,35," Puerto-Rico"," <=50K"
"26897",47," Self-emp-inc",205100," HS-grad",9," Married-civ-spouse"," Prof-specialty"," Husband"," White"," Male",0,0,38," Germany"," <=50K"
"4632",19," Private",299050," Some-college",10," Never-married"," Adm-clerical"," Own-child"," White"," Male",0,0,20," United-States"," <=50K"
"6209",35," Federal-gov",287031," Masters",14," Never-married"," Exec-managerial"," Not-in-family"," White"," Male",8614,0,40," United-States"," >50K"
"28875",68," Local-gov",144761," HS-grad",9," Widowed"," Protective-serv"," Not-in-family"," White"," Male",0,1668,20," United-States"," <=50K"
"9921",47," Self-emp-not-inc",112200," Bachelors",13," Never-married"," Exec-managerial"," Not-in-family"," Black"," Male",10520,0,45," United-States"," >50K"
"11698",55," Private",213894," 11th",7," Separated"," Adm-clerical"," Unmarried"," Black"," Female",0,0,40," United-States"," <=50K"
"25240",18," Self-emp-not-inc",29582," 11th",7," Never-married"," Craft-repair"," Own-child"," White"," Male",0,0,40," United-States"," <=50K"
"6226",36," Private",383518," Some-college",10," Married-civ-spouse"," Adm-clerical"," Wife"," Black"," Female",99999,0,40," United-States"," >50K"
"572",51," Private",95469," HS-grad",9," Married-civ-spouse"," Prof-specialty"," Husband"," White"," Male",0,0,40," United-States"," <=50K"
"13090",30," Self-emp-not-inc",226535," 7th-8th",4," Married-civ-spouse"," Farming-fishing"," Husband"," White"," Male",0,0,40," Mexico"," <=50K"
"15555",22," Private",448626," Some-college",10," Never-married"," Sales"," Own-child"," White"," Male",0,0,40," United-States"," <=50K"
"13580",29," State-gov",33798," Some-college",10," Divorced"," Adm-clerical"," Own-child"," White"," Male",0,0,20," United-States"," <=50K"
"11036",38," Private",112093," 11th",7," Married-civ-spouse"," Transport-moving"," Husband"," White"," Male",0,0,40," United-States"," <=50K"
"27892",50," Private",177927," HS-grad",9," Divorced"," Protective-serv"," Not-in-family"," White"," Male",0,0,40," United-States"," <=50K"
"14650",24," Private",275093," HS-grad",9," Never-married"," Handlers-cleaners"," Not-in-family"," White"," Female",0,0,36," United-States"," <=50K"
"17181",45," Private",223319," Some-college",10," Divorced"," Sales"," Own-child"," White"," Male",0,0,45," United-States"," <=50K"
"31023",53," Private",239284," HS-grad",9," Divorced"," Adm-clerical"," Unmarried"," White"," Female",0,0,40," United-States"," <=50K"
"24931",33," Private",34848," Some-college",10," Married-civ-spouse"," Other-service"," Husband"," White"," Male",0,0,40," United-States"," <=50K"
"6723",38," Self-emp-not-inc",180220," HS-grad",9," Married-civ-spouse"," Craft-repair"," Husband"," White"," Male",0,0,60," United-States"," <=50K"
"9938",31," Self-emp-inc",49923," HS-grad",9," Married-civ-spouse"," Exec-managerial"," Husband"," White"," Male",0,0,40," United-States"," <=50K"
"32313",34," Private",346034," 12th",8," Married-spouse-absent"," Handlers-cleaners"," Unmarried"," White"," Male",0,0,35," Mexico"," <=50K"
"18823",38," Private",52963," Bachelors",13," Never-married"," Adm-clerical"," Not-in-family"," White"," Female",0,0,50," United-States"," <=50K"
"24484",39," Self-emp-inc",124685," Masters",14," Divorced"," Exec-managerial"," Not-in-family"," Asian-Pac-Islander"," Male",0,0,99," Japan"," >50K"
"11994",36," Local-gov",241998," Bachelors",13," Married-civ-spouse"," Prof-specialty"," Husband"," White"," Male",0,1672,50," United-States"," <=50K"
"24752",39," Private",172538," HS-grad",9," Never-married"," Machine-op-inspct"," Unmarried"," White"," Male",0,0,40," United-States"," <=50K"
"17301",41," State-gov",88913," Assoc-acdm",12," Divorced"," Prof-specialty"," Unmarried"," Asian-Pac-Islander"," Female",0,0,36," United-States"," <=50K"
"29409",36," Private",68089," HS-grad",9," Never-married"," Machine-op-inspct"," Unmarried"," Amer-Indian-Eskimo"," Female",0,0,40," United-States"," <=50K"
"5962",24," Private",200967," HS-grad",9," Married-civ-spouse"," Craft-repair"," Wife"," White"," Female",0,0,36," United-States"," <=50K"
"9081",20," Self-emp-not-inc",217404," 10th",6," Never-married"," Machine-op-inspct"," Own-child"," White"," Male",0,0,40," United-States"," <=50K"
"3056",34," Self-emp-not-inc",96245," HS-grad",9," Married-civ-spouse"," Machine-op-inspct"," Husband"," White"," Male",0,0,40," United-States"," <=50K"
"6772",20," Private",233624," HS-grad",9," Never-married"," Craft-repair"," Own-child"," White"," Male",0,0,40," United-States"," <=50K"
"31435",39," Private",198841," Masters",14," Married-civ-spouse"," Prof-specialty"," Husband"," White"," Male",7688,0,45," United-States"," >50K"
"9533",43," Private",153160," Some-college",10," Married-civ-spouse"," Adm-clerical"," Wife"," White"," Female",0,0,40," United-States"," <=50K"
"23355",76," Private",199949," Bachelors",13," Married-civ-spouse"," Adm-clerical"," Husband"," White"," Male",20051,0,50," United-States"," >50K"
"25275",49," Local-gov",269527," Masters",14," Married-civ-spouse"," Prof-specialty"," Husband"," White"," Male",7298,0,40," United-States"," >50K"
"3391",45," Private",214627," Doctorate",16," Widowed"," Prof-specialty"," Unmarried"," White"," Male",15020,0,40," Iran"," >50K"
"7707",34," Private",309513," HS-grad",9," Married-civ-spouse"," Machine-op-inspct"," Husband"," White"," Male",0,0,40," United-States"," <=50K"
"8703",45," Private",235924," Bachelors",13," Divorced"," Exec-managerial"," Own-child"," White"," Female",0,0,40," United-States"," <=50K"
"32270",37," Private",249720," Assoc-voc",11," Married-spouse-absent"," Sales"," Unmarried"," Black"," Female",0,0,32," United-States"," <=50K"
"3793",53," Federal-gov",117847," Assoc-acdm",12," Married-civ-spouse"," Adm-clerical"," Husband"," White"," Male",0,0,40," United-States"," <=50K"
"31881",59," Self-emp-not-inc",83542," Assoc-acdm",12," Divorced"," Tech-support"," Not-in-family"," White"," Male",0,0,40," United-States"," <=50K"
"31713",24," Private",280960," HS-grad",9," Married-civ-spouse"," Machine-op-inspct"," Wife"," White"," Female",0,0,24," United-States"," <=50K"
"4409",52," Private",29658," HS-grad",9," Married-civ-spouse"," Adm-clerical"," Husband"," White"," Male",0,0,40," United-States"," <=50K"
"29114",44," Private",340885," Bachelors",13," Married-civ-spouse"," Machine-op-inspct"," Husband"," White"," Male",0,1977,40," United-States"," >50K"
"18533",59," Self-emp-not-inc",190514," 11th",7," Married-civ-spouse"," Craft-repair"," Husband"," White"," Male",0,0,20," United-States"," <=50K"
"12717",28," Private",224506," Some-college",10," Married-civ-spouse"," Sales"," Husband"," Black"," Male",0,0,40," ?"," <=50K"
"14464",22," Private",164775," 9th",5," Never-married"," Machine-op-inspct"," Unmarried"," White"," Male",0,0,40," Guatemala"," <=50K"
"22718",26," Local-gov",213451," Some-college",10," Never-married"," Other-service"," Own-child"," Black"," Female",0,0,10," Jamaica"," <=50K"
"2653",34," Private",213226," Bachelors",13," Married-civ-spouse"," Prof-specialty"," Husband"," White"," Male",0,0,40," Iran"," >50K"
"10910",47," Self-emp-not-inc",165468," HS-grad",9," Married-civ-spouse"," Machine-op-inspct"," Husband"," White"," Male",7298,0,40," United-States"," >50K"
"21889",17," Private",171080," 12th",8," Never-married"," Handlers-cleaners"," Own-child"," White"," Male",0,0,20," United-States"," <=50K"
"10191",40," Private",316820," 7th-8th",4," Married-civ-spouse"," Sales"," Husband"," White"," Male",4064,0,40," United-States"," <=50K"
"26735",30," Private",275632," HS-grad",9," Married-civ-spouse"," Machine-op-inspct"," Husband"," White"," Male",0,0,45," United-States"," <=50K"
"6918",24," Private",284317," Bachelors",13," Never-married"," Other-service"," Own-child"," White"," Female",0,0,30," United-States"," <=50K"
"16009",35," State-gov",172327," Bachelors",13," Separated"," Exec-managerial"," Not-in-family"," White"," Male",0,0,42," United-States"," <=50K"
"8875",45," Private",89028," HS-grad",9," Divorced"," Craft-repair"," Not-in-family"," Asian-Pac-Islander"," Male",10520,0,40," United-States"," >50K"
"6173",56," Private",435022," Some-college",10," Divorced"," Other-service"," Not-in-family"," White"," Female",0,0,50," United-States"," <=50K"
"30558",20," State-gov",158206," Assoc-acdm",12," Never-married"," Prof-specialty"," Not-in-family"," White"," Male",0,0,30," United-States"," <=50K"
"10342",23," Private",154210," Some-college",10," Never-married"," Adm-clerical"," Other-relative"," Asian-Pac-Islander"," Male",0,0,14," Puerto-Rico"," <=50K"
"15380",28," Private",77760," HS-grad",9," Never-married"," Other-service"," Unmarried"," White"," Male",0,0,40," United-States"," <=50K"
"900",28," Private",109165," HS-grad",9," Married-civ-spouse"," Tech-support"," Husband"," White"," Male",0,0,40," United-States"," <=50K"
"17596",33," Private",301867," Some-college",10," Never-married"," Adm-clerical"," Unmarried"," Asian-Pac-Islander"," Female",0,0,35," United-States"," <=50K"
"20706",33," Local-gov",156015," Assoc-voc",11," Married-civ-spouse"," Tech-support"," Husband"," White"," Male",0,0,40," United-States"," <=50K"
"19164",19," Private",170800," HS-grad",9," Never-married"," Craft-repair"," Own-child"," White"," Male",0,0,60," United-States"," <=50K"
"10347",22," Private",239612," HS-grad",9," Never-married"," Adm-clerical"," Own-child"," White"," Male",0,0,20," United-States"," <=50K"
"28638",27," Private",176683," Assoc-acdm",12," Never-married"," Sales"," Not-in-family"," White"," Male",0,0,52," United-States"," <=50K"
"20126",62," Private",252668," Masters",14," Never-married"," Prof-specialty"," Not-in-family"," White"," Male",0,0,70," United-States"," <=50K"
"9734",69," Private",102874," HS-grad",9," Widowed"," Adm-clerical"," Not-in-family"," White"," Female",0,0,24," United-States"," <=50K"
"12475",36," Private",133974," Assoc-voc",11," Divorced"," Sales"," Unmarried"," White"," Female",0,0,40," United-States"," <=50K"
"5157",73," ?",180603," HS-grad",9," Widowed"," ?"," Not-in-family"," White"," Female",0,0,8," United-States"," <=50K"
"27716",19," Private",72355," Some-college",10," Never-married"," Other-service"," Not-in-family"," White"," Male",0,0,20," United-States"," <=50K"
"30625",35," ?",98389," Some-college",10," Never-married"," ?"," Unmarried"," White"," Male",0,0,10," United-States"," <=50K"
"18110",58," Self-emp-not-inc",193434," HS-grad",9," Married-civ-spouse"," Craft-repair"," Husband"," White"," Male",0,0,20," United-States"," <=50K"
"10589",19," Private",250818," Some-college",10," Never-married"," Adm-clerical"," Not-in-family"," White"," Male",0,0,40," United-States"," <=50K"
"32020",23," Private",162228," Bachelors",13," Never-married"," Sales"," Not-in-family"," White"," Male",0,0,48," United-States"," <=50K"
"7545",29," Private",177651," Some-college",10," Never-married"," Exec-managerial"," Not-in-family"," White"," Male",0,0,45," United-States"," <=50K"
"19683",35," Private",62333," Bachelors",13," Never-married"," Prof-specialty"," Not-in-family"," White"," Female",0,0,40," United-States"," <=50K"
"3476",34," Private",114691," Some-college",10," Married-civ-spouse"," Exec-managerial"," Husband"," White"," Male",0,0,50," United-States"," >50K"
"15646",33," Private",172498," Some-college",10," Divorced"," Handlers-cleaners"," Own-child"," White"," Male",0,0,40," United-States"," <=50K"
"3195",28," Private",430084," HS-grad",9," Divorced"," Other-service"," Own-child"," Black"," Male",0,0,35," United-States"," <=50K"
"5177",25," Private",159662," HS-grad",9," Married-civ-spouse"," Sales"," Own-child"," White"," Male",0,0,26," United-States"," >50K"
"9091",31," Private",157078," 10th",6," Never-married"," Adm-clerical"," Unmarried"," White"," Female",0,0,40," United-States"," <=50K"
"18754",18," ?",127388," Some-college",10," Never-married"," ?"," Own-child"," White"," Female",0,0,40," United-States"," <=50K"
"23502",29," Private",224421," Assoc-voc",11," Married-AF-spouse"," Farming-fishing"," Husband"," White"," Male",0,0,44," United-States"," >50K"
"5317",32," Private",152940," Assoc-acdm",12," Never-married"," Adm-clerical"," Own-child"," White"," Male",0,0,30," United-States"," <=50K"
"27829",37," Self-emp-not-inc",286146," HS-grad",9," Married-spouse-absent"," Other-service"," Unmarried"," Black"," Female",0,0,40," United-States"," <=50K"
"22757",25," Private",294400," 7th-8th",4," Married-civ-spouse"," Craft-repair"," Husband"," White"," Male",0,0,60," United-States"," <=50K"
"24421",43," Private",129853," 10th",6," Never-married"," Machine-op-inspct"," Not-in-family"," Black"," Male",0,0,40," United-States"," <=50K"
"4724",31," Private",211334," Some-college",10," Married-civ-spouse"," Craft-repair"," Husband"," White"," Male",2407,0,65," United-States"," <=50K"
"11499",33," Private",54782," Bachelors",13," Married-civ-spouse"," Adm-clerical"," Husband"," White"," Male",0,1579,42," United-States"," <=50K"
"21623",47," Private",188195," Some-college",10," Married-civ-spouse"," Prof-specialty"," Husband"," White"," Male",0,0,40," United-States"," <=50K"
"16821",27," Private",33429," Some-college",10," Divorced"," Adm-clerical"," Unmarried"," White"," Female",0,0,40," United-States"," <=50K"
"11233",35," Private",241001," HS-grad",9," Married-civ-spouse"," Machine-op-inspct"," Husband"," White"," Male",0,0,44," United-States"," <=50K"
"7724",24," Private",382146," Some-college",10," Never-married"," Prof-specialty"," Not-in-family"," Black"," Male",0,0,40," United-States"," <=50K"
"1869",46," Private",187226," 9th",5," Divorced"," Other-service"," Not-in-family"," White"," Male",0,0,25," United-States"," <=50K"
"7598",48," State-gov",130561," Some-college",10," Never-married"," Prof-specialty"," Not-in-family"," Black"," Female",0,0,24," United-States"," <=50K"
"28577",44," Private",163331," Some-college",10," Widowed"," Adm-clerical"," Unmarried"," White"," Female",0,0,32," United-States"," <=50K"
"26064",46," Private",155654," HS-grad",9," Married-civ-spouse"," Other-service"," Wife"," White"," Female",0,0,40," United-States"," <=50K"
"23999",55," Federal-gov",321333," Some-college",10," Married-civ-spouse"," Adm-clerical"," Husband"," White"," Male",0,0,40," United-States"," >50K"
"4974",37," Private",632613," 10th",6," Married-civ-spouse"," Farming-fishing"," Husband"," White"," Male",0,0,35," Mexico"," <=50K"
"4005",44," Private",178134," Prof-school",15," Never-married"," Prof-specialty"," Not-in-family"," White"," Female",0,0,40," United-States"," >50K"
"31290",33," Local-gov",251521," Bachelors",13," Never-married"," Exec-managerial"," Not-in-family"," White"," Female",0,0,50," United-States"," <=50K"
"14000",37," Private",52221," 11th",7," Married-civ-spouse"," Transport-moving"," Husband"," White"," Male",0,0,40," United-States"," <=50K"
"14895",50," Private",129673," Bachelors",13," Divorced"," Exec-managerial"," Not-in-family"," White"," Female",0,0,50," United-States"," >50K"
"5306",42," Federal-gov",74680," Masters",14," Divorced"," Adm-clerical"," Not-in-family"," White"," Male",0,2001,60," United-States"," <=50K"
"18775",30," State-gov",158291," Bachelors",13," Never-married"," Adm-clerical"," Not-in-family"," White"," Male",0,0,40," United-States"," <=50K"
"8691",31," Private",326862," Some-college",10," Divorced"," Craft-repair"," Own-child"," Black"," Male",0,0,40," United-States"," <=50K"
"32213",45," Private",178416," Assoc-voc",11," Divorced"," Handlers-cleaners"," Not-in-family"," White"," Female",0,0,40," United-States"," <=50K"
"22184",59," Private",158776," 9th",5," Married-civ-spouse"," Machine-op-inspct"," Husband"," White"," Male",0,0,40," United-States"," <=50K"
"9078",20," Private",266400," Some-college",10," Never-married"," Prof-specialty"," Own-child"," White"," Female",0,0,48," United-States"," <=50K"
"26008",42," Private",92288," Masters",14," Married-civ-spouse"," Sales"," Husband"," Asian-Pac-Islander"," Male",0,0,40," ?"," <=50K"
"3014",64," State-gov",194894," Doctorate",16," Never-married"," Prof-specialty"," Not-in-family"," White"," Female",4787,0,40," United-States"," >50K"
"26379",59," Federal-gov",178660," Assoc-acdm",12," Married-civ-spouse"," Adm-clerical"," Husband"," White"," Male",0,0,40," United-States"," <=50K"
"13716",20," Private",314422," HS-grad",9," Never-married"," Sales"," Own-child"," White"," Female",0,0,30," United-States"," <=50K"
"24255",66," Private",140576," 7th-8th",4," Married-civ-spouse"," Craft-repair"," Husband"," White"," Male",0,0,40," United-States"," <=50K"
"21254",37," Private",278924," HS-grad",9," Divorced"," Sales"," Not-in-family"," White"," Male",0,0,40," United-States"," <=50K"
"14264",33," Private",318982," Some-college",10," Married-civ-spouse"," Exec-managerial"," Husband"," White"," Male",0,0,45," United-States"," >50K"
"20122",40," Federal-gov",26880," Some-college",10," Never-married"," Adm-clerical"," Unmarried"," White"," Female",0,0,40," United-States"," <=50K"
"15",40," Private",121772," Assoc-voc",11," Married-civ-spouse"," Craft-repair"," Husband"," Asian-Pac-Islander"," Male",0,0,40," ?"," >50K"
"6970",46," Private",150499," Assoc-acdm",12," Married-civ-spouse"," Craft-repair"," Husband"," White"," Male",0,0,40," United-States"," <=50K"
"22614",39," Private",37314," Masters",14," Never-married"," Exec-managerial"," Not-in-family"," White"," Male",0,0,50," United-States"," >50K"
"6903",34," Private",223678," HS-grad",9," Never-married"," Other-service"," Unmarried"," Amer-Indian-Eskimo"," Female",0,0,32," United-States"," <=50K"
"26111",51," Self-emp-inc",54342," Prof-school",15," Divorced"," Prof-specialty"," Not-in-family"," White"," Male",27828,0,60," United-States"," >50K"
"9873",63," ?",68954," HS-grad",9," Widowed"," ?"," Not-in-family"," Black"," Female",0,0,11," United-States"," <=50K"
"22062",28," Private",210945," Assoc-acdm",12," Married-civ-spouse"," Adm-clerical"," Wife"," Black"," Female",0,0,35," Haiti"," <=50K"
"29918",33," Private",554206," Some-college",10," Never-married"," Tech-support"," Not-in-family"," Black"," Male",0,0,40," Philippines"," <=50K"
"3714",41," Private",115562," HS-grad",9," Divorced"," Protective-serv"," Own-child"," White"," Male",0,0,40," United-States"," <=50K"
"4097",59," Private",67841," HS-grad",9," Married-civ-spouse"," Handlers-cleaners"," Husband"," White"," Male",0,0,40," United-States"," >50K"
"21754",22," Private",246965," Some-college",10," Never-married"," Prof-specialty"," Not-in-family"," White"," Male",0,0,12," United-States"," <=50K"
"13758",48," Private",255439," Some-college",10," Never-married"," Handlers-cleaners"," Not-in-family"," White"," Male",0,0,40," United-States"," <=50K"
"26761",40," Private",105936," HS-grad",9," Married-spouse-absent"," Adm-clerical"," Own-child"," White"," Female",0,0,38," United-States"," <=50K"
"31155",23," Private",201138," Some-college",10," Never-married"," Adm-clerical"," Not-in-family"," White"," Female",0,0,8," United-States"," <=50K"
"2261",25," Private",73289," HS-grad",9," Never-married"," Transport-moving"," Own-child"," White"," Male",0,0,40," United-States"," <=50K"
"14745",50," Private",185354," Masters",14," Divorced"," Exec-managerial"," Not-in-family"," White"," Female",0,0,35," United-States"," <=50K"
"22499",45," Federal-gov",222011," Bachelors",13," Married-civ-spouse"," Handlers-cleaners"," Husband"," White"," Male",0,0,40," United-States"," <=50K"
"2788",20," Private",64292," Some-college",10," Never-married"," Sales"," Not-in-family"," White"," Female",0,0,50," United-States"," <=50K"
"31840",28," Private",188171," Assoc-acdm",12," Never-married"," Transport-moving"," Own-child"," White"," Male",0,0,60," United-States"," <=50K"
"8116",25," Private",203570," HS-grad",9," Separated"," Other-service"," Unmarried"," Black"," Male",0,0,40," United-States"," <=50K"
"1589",22," Private",169188," HS-grad",9," Never-married"," Exec-managerial"," Own-child"," White"," Female",0,0,20," United-States"," <=50K"
"22006",28," Private",167336," HS-grad",9," Married-civ-spouse"," Exec-managerial"," Wife"," White"," Female",0,0,45," United-States"," >50K"
"25231",33," Private",319854," Bachelors",13," Separated"," Prof-specialty"," Not-in-family"," White"," Male",4650,0,35," United-States"," <=50K"
"11337",41," State-gov",518030," Bachelors",13," Never-married"," Protective-serv"," Not-in-family"," Black"," Male",0,1590,40," Puerto-Rico"," <=50K"
"11749",45," Private",108993," HS-grad",9," Never-married"," Craft-repair"," Own-child"," White"," Male",0,0,40," United-States"," <=50K"
"9205",37," Private",241998," Bachelors",13," Married-civ-spouse"," Tech-support"," Husband"," White"," Male",0,0,50," United-States"," >50K"
"2564",54," Federal-gov",175083," HS-grad",9," Never-married"," Adm-clerical"," Unmarried"," White"," Female",0,0,20," United-States"," <=50K"
"11716",23," Private",175837," 11th",7," Never-married"," Farming-fishing"," Other-relative"," White"," Female",0,0,40," Puerto-Rico"," <=50K"
"5707",31," Private",459465," Some-college",10," Never-married"," Craft-repair"," Not-in-family"," White"," Male",0,0,50," United-States"," <=50K"
"17184",51," Local-gov",156003," HS-grad",9," Divorced"," Protective-serv"," Not-in-family"," White"," Male",0,0,40," United-States"," <=50K"
"16154",39," Private",114844," Bachelors",13," Never-married"," Sales"," Not-in-family"," White"," Male",0,1876,50," United-States"," <=50K"
"30292",19," Private",355477," HS-grad",9," Never-married"," Other-service"," Own-child"," Black"," Male",0,0,25," United-States"," <=50K"
"10941",29," Private",101597," Some-college",10," Divorced"," Sales"," Unmarried"," White"," Female",0,0,54," United-States"," <=50K"
"32099",45," Private",170871," HS-grad",9," Married-civ-spouse"," Craft-repair"," Husband"," White"," Male",7298,0,60," United-States"," >50K"
"2646",46," Private",138626," Some-college",10," Married-civ-spouse"," Craft-repair"," Husband"," White"," Male",0,0,40," United-States"," <=50K"
"27566",40," Self-emp-inc",475322," Bachelors",13," Separated"," Craft-repair"," Own-child"," White"," Male",0,0,50," United-States"," <=50K"
"12681",43," Private",137126," Some-college",10," Married-civ-spouse"," Exec-managerial"," Husband"," White"," Male",0,0,40," United-States"," >50K"
"23584",31," Local-gov",150324," HS-grad",9," Married-civ-spouse"," Craft-repair"," Husband"," White"," Male",0,0,40," United-States"," <=50K"
"5504",21," Private",221955," HS-grad",9," Never-married"," Machine-op-inspct"," Unmarried"," White"," Male",0,0,40," Mexico"," <=50K"
"14573",26," Private",272669," Bachelors",13," Never-married"," Sales"," Not-in-family"," Asian-Pac-Islander"," Male",0,0,20," South"," <=50K"
"24681",43," Federal-gov",95902," Assoc-acdm",12," Married-civ-spouse"," Prof-specialty"," Wife"," Black"," Female",0,0,40," United-States"," <=50K"
"2008",24," Private",296045," 7th-8th",4," Married-civ-spouse"," Craft-repair"," Husband"," White"," Male",2635,0,38," United-States"," <=50K"
"26117",26," Local-gov",219760," HS-grad",9," Never-married"," Other-service"," Other-relative"," White"," Male",0,0,16," United-States"," <=50K"